ID,FIRST_NAME,TITLE,SALARY,GENDER,CITY
1,Portia,Financial Analyst,32000,Male,Bakersfield
2,Dag,Clinical Specialist,43000,Male,Louny
3,Heath,Research Assistant I,40800,Female,Wates
4,Dita,Assistant Media Planner,14400,Female,Umeå
5,Nikki,Administrative Officer,34600,Female,Shangxian
6,Austina,Compensation Analyst,25800,Female,Saurimo
7,Tessa,Data Coordiator,30600,Female,Kangar
8,Remington,Pharmacist,22700,Female,Muurla
9,Genovera,Compensation Analyst,33200,Male,Espinosa
10,Louella,Chief Design Engineer,20800,Male,Marsada
11,Iggie,Senior Cost Accountant,30000,Male,Maodao
12,Isahella,Structural Engineer,13500,Female,Koncang
13,Isadora,Sales Associate,34600,Male,São Miguel do Araguaia
14,Dicky,Engineer IV,16300,Male,Gongju
15,Elnore,Project Manager,23200,Male,Whitwell
16,Edwina,Social Worker,23100,Male,Gazanjyk
17,Rudyard,Paralegal,17700,Female,Kahabe
18,Zed,Research Assistant III,39900,Male,Zhanggongmiao
19,Jeth,Statistician III,15400,Male,Mariestad
20,Ana,Nurse,23700,Female,Yantian
21,Flor,Recruiting Manager,33900,Male,Tešanj
22,Randie,Structural Analysis Engineer,43400,Male,Whitegate
23,La verne,Legal Assistant,34000,Male,Chinch'ŏn
24,Jade,Pharmacist,41600,Female,Paoua
25,Hilary,Electrical Engineer,41700,Male,Dulovo
26,Viviene,Software Test Engineer II,35600,Female,Jianfeng
27,Nicoline,Social Worker,15600,Female,Xishaqiao
28,Friedrick,Systems Administrator III,23100,Female,Los Angeles
29,Robbyn,Web Designer IV,37700,Male,Marly
30,Murielle,Systems Administrator III,19600,Female,Kaoma
31,Blinnie,Sales Representative,45300,Female,Timba Lauk
32,Jarid,Administrative Officer,23700,Female,Az Zuwaytīnah
33,Mufi,Food Chemist,37900,Female,Dongsheng
34,Price,Registered Nurse,20800,Female,Cúcuta
35,Meredith,Computer Systems Analyst II,53200,Male,Taradale
36,Travers,Chemical Engineer,34500,Male,Liaoyang
37,Russell,Programmer III,36200,Female,Cabinda
38,Karmen,Financial Advisor,16900,Female,Romanovskaya
39,Cathe,Librarian,33400,Female,Knoxville
40,Diannne,Financial Advisor,34500,Male,Hanna
41,Colver,Chemical Engineer,47600,Female,Naga
42,Ardene,Software Engineer IV,8300,Male,Hamburg
43,Philippa,Assistant Media Planner,27900,Female,Kobilje
44,Bridgette,Marketing Manager,26500,Male,Áno Sýros
45,Florida,Information Systems Manager,39500,Male,Dzüünkharaa
46,Shirlene,Human Resources Manager,30500,Female,Gubin
47,Homere,Engineer I,47000,Male,Huangrangping
48,Andie,VP Product Management,24100,Female,San Vicente
49,Amalia,Cost Accountant,38600,Female,Armentières
50,Nert,Physical Therapy Assistant,47400,Female,Zicheng
51,Otis,Assistant Manager,36100,Male,La Argentina
52,Leone,Mechanical Systems Engineer,37300,Female,Goubétto
53,Shep,Senior Financial Analyst,38200,Male,Dapuchaihe
54,Dougie,Senior Developer,38100,Male,Tyre
55,Benyamin,Associate Professor,37000,Female,Lajkovac
56,Ezri,Structural Engineer,46700,Male,Omīdcheh
57,Jacquelyn,Analog Circuit Design manager,3600,Male,Nijmegen
58,Cob,Technical Writer,10100,Male,Ciparasi
59,Donny,Dental Hygienist,16400,Male,Losevo
60,Maddalena,Clinical Specialist,35200,Male,Pinhal General
61,Traci,Registered Nurse,51000,Female,Wugong
62,Salem,Business Systems Development Analyst,17700,Female,Pali
63,Audra,Accounting Assistant I,16800,Male,Niopanda
64,Colet,Design Engineer,19600,Male,Santo Niño
65,Johannah,Geologist IV,37800,Male,Yumendong
66,Lethia,Desktop Support Technician,25900,Female,Bandar-e Ganāveh
67,Preston,Environmental Specialist,29100,Female,Mikhaylovsk
68,Meredeth,Operator,39100,Male,General Emilio Aguinaldo
69,Odelle,Cost Accountant,20800,Male,Shilovo
70,Jo,Compensation Analyst,41500,Male,Raman
71,Sherilyn,Actuary,13200,Female,Guadalupe
72,Roi,Recruiting Manager,29400,Female,Carrefour
73,Amby,Desktop Support Technician,32700,Female,Kaiyun
74,Alisa,Analyst Programmer,9600,Male,Riangblolong
75,Rice,Statistician II,45300,Female,Taluncemara
76,Gothart,Staff Scientist,19800,Male,Bilohirs’k
77,Aggi,Analyst Programmer,42900,Female,Fort Lauderdale
78,Drucie,Nurse,41900,Female,Néos Skopós
79,Selie,Programmer IV,37600,Male,Aubenas
80,King,Community Outreach Specialist,51500,Male,Jinzipai
81,Kinny,Research Nurse,41500,Female,Khorixas
82,Fanya,Software Engineer II,20300,Male,Cavaillon
83,Kassie,Developer I,45800,Male,Budapest
84,Cassandre,Mechanical Systems Engineer,13400,Female,Wenxi
85,Nefen,Legal Assistant,19500,Male,Dazhou
86,Loria,Nurse,40400,Female,Khomutovo
87,Faye,Administrative Assistant III,15500,Female,Danidehe
88,Arlee,Cost Accountant,31200,Male,Zhukovskiy
89,Garrot,Speech Pathologist,36200,Male,Corinto
90,Sylvester,Nurse Practicioner,42400,Female,Passos
91,Kory,Research Associate,23000,Female,Rosebank
92,Myrilla,Data Coordiator,36600,Female,Ushumun
93,Philis,Electrical Engineer,19000,Female,Beigang
94,Chelsie,Mechanical Systems Engineer,38400,Male,Verkhnyaya Toyma
95,Shay,Assistant Media Planner,36200,Female,Sovetskaya
96,Niven,Software Consultant,41700,Male,Korenëvo
97,Bethina,Recruiter,25000,Male,Cabaret
98,Tyne,Information Systems Manager,18900,Male,Aimadamodo
99,Alexei,Programmer Analyst I,39100,Female,Jaba‘
100,Gideon,Engineer I,65200,Male,Gostovići
101,Pavia,Professor,18100,Female,Nīkêh
102,Jeri,Systems Administrator I,18500,Female,Limoges
103,Marjy,Compensation Analyst,37400,Male,Taveiro
104,Charles,Clinical Specialist,39000,Female,Naples
105,Felicle,Software Test Engineer I,37400,Male,Saurimo
106,Leonie,Account Executive,53900,Male,Papakura
107,Fredric,Research Nurse,29300,Female,Kedungbacin
108,Geneva,Editor,24500,Female,Yono
109,Virginia,Chemical Engineer,13500,Female,Miami
110,Mina,Librarian,19900,Female,Guanqiao
111,Nye,Product Engineer,25600,Female,Vancouver
112,Newton,Junior Executive,31200,Male,Jiahe
113,Kailey,Executive Secretary,17000,Male,Qutqashen
114,Marve,Accounting Assistant III,32400,Female,Götene
115,Englebert,Assistant Manager,6300,Female,Nanfeng
116,Katha,Accounting Assistant IV,49100,Female,Nikitinskiy
117,Pierrette,Pharmacist,33300,Male,Santa Ignacia
118,Juliana,Physical Therapy Assistant,23800,Female,Santa Cruz do Rio Pardo
119,Roland,Assistant Manager,21000,Female,Bonn
120,Ediva,Senior Cost Accountant,26600,Male,Taobei
121,Bruis,Senior Sales Associate,16500,Female,Kočevje
122,Shamus,Administrative Assistant I,17000,Male,Damiao
123,Sampson,Senior Financial Analyst,31900,Male,Masohi
124,Fidel,Technical Writer,18600,Female,Dianbu
125,Jillie,Recruiting Manager,33100,Female,Juanshui
126,Brigida,Structural Engineer,26900,Male,Campor
127,Marcelia,Safety Technician IV,16900,Female,‘Anjarah
128,Sabra,Executive Secretary,36800,Female,Dālbandīn
129,Beitris,Marketing Manager,2900,Male,Nowa Góra
130,Minni,Statistician III,35200,Female,Zarzal
131,Jamie,VP Marketing,40700,Female,Steinkjer
132,Lesley,Software Consultant,35900,Female,Thanatpin
133,Beilul,Compensation Analyst,56700,Female,Kirawsk
134,Granthem,Computer Systems Analyst IV,22300,Female,Jinze
135,Sol,Accounting Assistant I,39000,Male,Sipeng
136,Adelaide,Structural Engineer,35200,Female,Yumaguzino
137,Uriah,Health Coach I,28400,Male,Chapadinha
138,Harrietta,Senior Sales Associate,9900,Female,Tubarão
139,Lynea,Recruiting Manager,41900,Male,Villaviciosa
140,Erminia,Human Resources Manager,38400,Male,Guanzhuang
141,Granthem,Nuclear Power Engineer,24500,Male,Cikiray
142,Barbara,Senior Quality Engineer,27900,Female,Auxerre
143,Winnie,Health Coach III,49800,Female,Energetik
144,Laurette,Graphic Designer,18700,Female,Paraná
145,Jobina,Electrical Engineer,20300,Female,Umm Kaddadah
146,Fabe,Systems Administrator III,34900,Male,Nan’an
147,Cristal,Senior Sales Associate,38700,Female,Carvoeira
148,Alicea,Safety Technician III,29800,Male,Nanae
149,Pernell,Human Resources Manager,19700,Male,Mishima
150,Belicia,Assistant Media Planner,29300,Male,Yuqi
151,Addia,Computer Systems Analyst I,57900,Male,Pabuaran
152,Matilda,Editor,35800,Female,Sobreiro
153,Quincy,Accountant IV,35400,Male,Ambarakaraka
154,Cher,Software Consultant,35500,Female,Dengyue
155,Dora,Electrical Engineer,34300,Male,Owczarnia
156,Gallagher,Administrative Officer,35300,Male,Châtillon
157,Royal,Occupational Therapist,28300,Male,Stodolishche
158,Roscoe,Associate Professor,59100,Female,Kadujajar
159,Hedvige,Programmer II,21700,Female,Maoya
160,Raquel,Compensation Analyst,28700,Male,Jelbuk
161,Gabie,Associate Professor,34700,Female,Sopla
162,Elly,Database Administrator I,26100,Female,Tyresö
163,Berny,Product Engineer,34600,Female,Xiaojing
164,Florry,Sales Representative,30600,Female,Vicuña Mackenna
165,Butch,Mechanical Systems Engineer,28000,Male,Bajingzi
166,Hartley,Analyst Programmer,30400,Female,Malaruhatan
167,Levey,Paralegal,24000,Male,Nanfeng
168,Blanche,Programmer III,21500,Female,Muzi
169,Dorree,Human Resources Manager,23500,Male,Rogóźno
170,Phillip,Chemical Engineer,36800,Male,Stavanger
171,Eryn,Geologist III,36200,Female,Carmen
172,Gale,Computer Systems Analyst III,30300,Male,Labuhankananga
173,Davita,VP Accounting,29400,Male,Ganshui
174,Elnora,Pharmacist,35300,Male,Xike
175,Reggy,Analyst Programmer,-600,Female,Salcedo
176,Karina,Programmer Analyst II,32400,Female,Burhānuddin
177,Lorianna,Mechanical Systems Engineer,30600,Female,Dajing
178,Asher,Cost Accountant,47600,Male,Binglincha
179,Bee,Help Desk Technician,40600,Male,Gusinoozyorsk
180,Hewett,Desktop Support Technician,21900,Male,Torrance
181,Angus,Graphic Designer,49200,Male,Banatski Dvor
182,Emery,Human Resources Manager,18600,Male,Pacatuba
183,Fidel,Staff Accountant IV,39800,Male,Olival Basto
184,Killian,Accounting Assistant I,24800,Female,Solnechnoye
185,Michaella,Community Outreach Specialist,20400,Male,Orong
186,Merell,Database Administrator III,37000,Male,El Ocotón
187,Burt,Geologist II,22400,Male,Oropesa
188,Moina,Account Coordinator,31900,Female,Capitán Bermúdez
189,Burk,Account Executive,36300,Female,Gamawa
190,Tootsie,Analog Circuit Design manager,32200,Male,Libog
191,Ephrem,Sales Representative,22400,Male,Cabitan
192,Isaiah,Media Manager IV,47400,Female,Raga
193,Gwendolyn,Social Worker,40100,Female,Deqing
194,Ginevra,Senior Editor,20500,Male,Ostravice
195,Lilia,Business Systems Development Analyst,31900,Female,Xinchengpu
196,Cam,Chief Design Engineer,41100,Male,Sampit
197,Tam,Chief Design Engineer,41200,Male,Baipu
198,Merla,GIS Technical Architect,30100,Female,Bafoulabé
199,Theodor,Senior Developer,40200,Female,Huajialing
200,Tadd,Research Associate,41100,Female,Si Satchanalai
