ID,PREV_COMPANY
2,"MacGyver, Kessler and Corwin"
2,"Gerlach, Russel and Moen"
3,Schaden LLC
3,Reynolds LLC
6,Rath Inc
8,Kuhlman LLC
8,"Lockman, Kunze and Bartoletti"
11,Luettgen-Nolan
11,Gulgowski LLC
12,"Walker, O'Hara and Graham"
12,"Turcotte, Crist and Rodriguez"
12,Blanda LLC
13,"Mosciski, Mitchell and Nienow"
15,Schiller-Mills
15,Hessel-Smitham
16,Goyette-Luettgen
17,"Hodkiewicz, Smith and Kautzer"
19,"Hickle, Brown and Miller"
20,"Padberg, Bogisich and Eichmann"
20,Roob-Gibson
20,Altenwerth-Dickinson
21,"Fadel, Emmerich and Donnelly"
21,Kessler LLC
22,"Schneider, Beer and Quitzon"
23,Daniel-Koepp
23,"Lindgren, Beier and Gusikowski"
25,Rowe Inc
26,"Rogahn, Klocko and DuBuque"
27,Labadie and Sons
27,"Langworth, Runolfsdottir and Raynor"
28,Bailey-Bashirian
28,Krajcik-Jakubowski
29,Kihn LLC
29,Feil Group
29,Hagenes-Cormier
30,Schmitt Inc
30,Bernier-Konopelski
30,Daugherty-Frami
31,Breitenberg and Sons
33,Zemlak-Howe
33,Schroeder-Lang
33,"Barrows, Armstrong and Thompson"
34,Dietrich Inc
35,Cremin-Russel
36,Schaefer-Rempel
36,Smitham-Pfannerstill
36,"Huel, Howell and Funk"
37,Balistreri-Cartwright
37,Kuhic and Sons
37,Jaskolski-Shanahan
38,"Fahey, Ebert and Hoeger"
39,Veum Inc
39,"Kling, Schaefer and Nienow"
39,Marks and Sons
42,Berge and Sons
42,"Fritsch, Gorczany and Spinka"
43,"Erdman, Ondricka and Cormier"
43,Maggio-Heaney
43,"Ankunding, Mohr and Ullrich"
44,"Dickens, Keeling and Doyle"
44,Kihn-Rolfson
45,Mills and Sons
45,Conn-Beahan
45,Yundt Group
46,"O'Reilly, Torp and Rodriguez"
47,Rohan Group
47,Pagac LLC
49,Leffler Group
51,Grady and Sons
51,Boehm Group
52,"Balistreri, Lowe and Fritsch"
52,Kirlin-Halvorson
53,Waters LLC
53,"Hamill, Haag and Romaguera"
54,Schroeder-Luettgen
55,Langworth-Brakus
56,Mayer-Lang
57,Jacobs Inc
58,"Rempel, Breitenberg and Kunze"
58,"Jacobi, Parker and Lowe"
58,Lemke and Sons
59,"Nikolaus, Bartell and Padberg"
59,"Rau, Walter and Roberts"
60,Bahringer-Stehr
60,"Hamill, Mohr and Connelly"
60,"Johns, Senger and Sanford"
61,Reynolds-Kunze
61,"Sauer, Krajcik and Runolfsdottir"
63,Murray LLC
63,Bradtke Group
63,Hirthe and Sons
66,Bernier-Shanahan
67,Kutch Group
67,Bernhard Group
67,"O'Keefe, Doyle and Smitham"
68,Brekke-Cartwright
68,"Spencer, Cartwright and Vandervort"
68,"Von, Rippin and Schumm"
69,Stehr and Sons
69,Cassin-Schaefer
72,"Gleason, Keeling and Maggio"
73,"Weimann, Abshire and Lang"
74,"Altenwerth, Howell and Hodkiewicz"
74,Reichel Inc
75,Hackett and Sons
75,Fritsch-Stracke
78,Brekke Group
78,Hane-Smitham
79,"Koch, Huels and DuBuque"
79,Halvorson-Hodkiewicz
80,"Sipes, Gislason and Lockman"
81,"Graham, Hauck and Jacobson"
82,Brakus-Senger
82,"Lueilwitz, Mraz and Eichmann"
85,"Jacobi, Pfeffer and Beier"
86,"Williamson, Gibson and Boyer"
86,Leuschke-Conroy
87,Cassin LLC
88,Donnelly and Sons
91,Ortiz and Sons
91,"Krajcik, Bernier and Parisian"
91,Mueller-Kirlin
92,Rolfson-Wisozk
92,"O'Keefe, Mraz and Ernser"
93,Welch and Sons
94,"Hermiston, Kreiger and Tromp"
94,"Rosenbaum, Gislason and Kuhic"
96,Hahn LLC
97,O'Connell-Predovic
97,Hammes Group
98,"Cruickshank, Tremblay and Dooley"
100,Lindgren-Bosco
100,Wisozk-Grady
100,Kreiger Inc
101,Harvey-Lueilwitz
101,Hoppe-Rohan
101,Morissette-Romaguera
102,Jacobs-Dietrich
102,"Kreiger, Klein and Graham"
102,"Grimes, Marvin and Graham"
104,Dare and Sons
104,"Pouros, Gutmann and Lind"
104,Fay-Feil
105,Kshlerin and Sons
106,"Erdman, West and Wiegand"
106,"Runolfsdottir, Osinski and Waelchi"
106,"Bruen, Rohan and Ortiz"
109,"Reichert, Rowe and Gorczany"
109,Hilll LLC
110,Blick Group
110,"Sipes, Hudson and Gerhold"
110,"Reynolds, Kilback and Jerde"
111,Yundt-Terry
112,Hermiston-Hintz
112,"Harber, Stehr and Walsh"
113,Gutmann-Stiedemann
113,"Stroman, Renner and Bashirian"
113,Oberbrunner-Pagac
114,"Grant, Jaskolski and Crist"
114,"Glover, Kuvalis and Mosciski"
114,Gleichner-Conroy
116,Corwin Group
116,"Ernser, Barton and Kling"
117,Jerde-Nitzsche
118,Gottlieb-Borer
118,Macejkovic Inc
118,Lowe-Kuhic
120,"Rogahn, Barton and Lebsack"
121,Rowe-Ebert
121,Greenfelder-Pfannerstill
121,Orn Group
123,Murazik Inc
124,Erdman LLC
125,Crona Inc
125,Crona LLC
126,Crona Inc
126,"Heller, Wolff and Kessler"
127,"Aufderhar, Klocko and O'Connell"
128,Lubowitz-Keeling
128,Will Inc
130,O'Connell-Howe
130,Nikolaus and Sons
130,"Cassin, Dickinson and Treutel"
131,"Rodriguez, Kassulke and Kiehn"
133,Schuster-Kozey
133,"Deckow, Rohan and Ritchie"
133,Turner and Sons
134,Ferry-Hackett
136,Gulgowski and Sons
136,"Abernathy, Gutkowski and West"
136,Haley-Ziemann
137,Stroman and Sons
137,Roob Group
138,Turcotte-Murray
138,"Dach, Schimmel and White"
139,Crooks-Johnston
139,Rempel-Schimmel
141,Hessel-Hansen
142,"Funk, Mueller and Becker"
142,"Schiller, King and Bins"
142,Bauch-Roberts
143,"Hermiston, O'Connell and Carter"
143,Schaefer and Sons
145,Feil Inc
146,Watsica-Schaefer
146,Eichmann-Mayert
147,Brekke Group
147,"Prohaska, Beatty and Bergnaum"
147,Gorczany-Friesen
148,Tremblay-Adams
148,Bruen-Goodwin
149,Prosacco Inc
149,Bergstrom-Johnston
150,"Lemke, Huels and Flatley"
150,Schaden LLC
151,Koss-Wehner
151,Trantow-Koepp
151,Blick-Schmeler
152,Medhurst Inc
152,Denesik-Spinka
153,Schoen Group
153,Breitenberg Inc
154,Jacobi-Hauck
155,Morissette and Sons
155,Macejkovic Group
155,Swaniawski LLC
156,Kshlerin Group
157,"Stiedemann, Beahan and Larson"
157,"Berge, Zulauf and Walker"
158,Schaefer-Dooley
158,Boyer-Kreiger
158,Trantow LLC
159,Bode and Sons
159,Casper and Sons
159,"Kub, Kling and Bradtke"
160,Witting LLC
160,"Kessler, Bailey and Berge"
161,Satterfield and Sons
161,Senger-Fahey
163,Abbott Group
163,Reilly-Morar
163,Prohaska Group
164,Lockman LLC
164,Brown-Kirlin
164,Stokes and Sons
166,Vandervort Inc
166,Breitenberg and Sons
166,O'Reilly LLC
167,Ebert-Fisher
168,"Prosacco, Hane and Kassulke"
168,Hayes-Gerhold
169,Runolfsson-Mueller
169,Runolfsdottir-Ebert
170,Grant Inc
170,Cole-Sanford
170,Farrell Group
171,Nitzsche-Langosh
173,"Goldner, Hyatt and Quigley"
173,Jacobs-Feest
174,Goyette Inc
174,"Schulist, Moore and Wuckert"
175,Daugherty Group
175,Kemmer Group
176,"Johns, Howe and Funk"
176,Nicolas-Schneider
176,Gerhold-Lindgren
178,Schowalter LLC
179,Kreiger-Bogisich
180,"Kilback, Muller and Leffler"
180,"Reinger, King and Collins"
180,"Berge, Watsica and Zulauf"
182,Wilderman and Sons
182,Lakin and Sons
183,"Oberbrunner, Collier and Hudson"
183,"Pagac, Kub and Champlin"
183,Stiedemann LLC
184,"Mertz, Thompson and O'Hara"
184,Lynch-Jones
184,Prosacco-Breitenberg
186,Harvey-Welch
186,"Dickinson, Boyle and Cole"
186,"Strosin, Welch and Kris"
187,Krajcik LLC
190,Mann-Monahan
191,Treutel Group
191,"Cremin, Haley and Mills"
191,Emard-Kautzer
192,Muller Inc
192,Johns-Rippin
192,"Williamson, Botsford and Veum"
195,"Heidenreich, Gerlach and Spinka"
195,"Friesen, Jacobi and Cummings"
195,Dietrich-Donnelly
196,Lubowitz and Sons
196,Rowe-Donnelly
197,Jenkins-Herzog
198,"Hagenes, Bogan and Hessel"
198,Schulist Group
199,Schneider Group
